{
  "matrix": {
    "rows": 6,
    "cols": 18
  },
  "layouts": {
    "labels": [
      [
        "Bottom Row",
        "Standard",
        "Tsangan"
      ],
      "Split Backspace",
      "Split Right Shift"
    ],
    "keymap": [
      [
        "0,0",
        {
          "x": 1
        },
        "0,2",
        "0,3",
        "0,4",
        "0,5",
        {
          "x": 0.5
        },
        "0,7",
        "0,8",
        "0,9",
        "0,10",
        {
          "x": 0.5
        },
        "0,11",
        "0,12",
        "0,13",
        "0,14",
        {
          "x": 0.25
        },
        "0,15",
        "0,16",
        "0,17"
      ],
      [
        {
          "y": 0.25
        },
        "1,0",
        "1,1",
        "1,2",
        "1,3",
        "1,4",
        "1,5",
        "1,6",
        "1,7",
        "1,8",
        "1,9",
        "1,10",
        "1,11",
        "1,12",
        {
          "w": 2
        },
        "1,14\n\n\n1,0",
        {
          "x": 0.25
        },
        "1,15",
        "1,16",
        "1,17",
        {
          "x": 0.25
        },
        "1,13\n\n\n1,1",
        "1,14\n\n\n1,1"
      ],
      [
        {
          "w": 1.5
        },
        "2,0",
        "2,2",
        "2,3",
        "2,4",
        "2,5",
        "2,6",
        "2,7",
        "2,8",
        "2,9",
        "2,10",
        "2,11",
        "2,12",
        "2,13",
        {
          "w": 1.5
        },
        "2,14",
        {
          "x": 0.25
        },
        "2,15",
        "2,16",
        "2,17"
      ],
      [
        {
          "w": 1.75
        },
        "3,0",
        "3,2",
        "3,3",
        "3,4",
        "3,5",
        "3,6",
        "3,7",
        "3,8",
        "3,9",
        "3,10",
        "3,11",
        "3,12",
        {
          "w": 2.25
        },
        "3,13"
      ],
      [
        {
          "w": 2.25
        },
        "4,1",
        "4,2",
        "4,3",
        "4,4",
        "4,5",
        "4,6",
        "4,7",
        "4,8",
        "4,9",
        "4,10",
        "4,11",
        {
          "w": 2.75
        },
        "4,13\n\n\n2,0",
        {
          "x": 1.25
        },
        "4,16",
        {
          "x": 1.25,
          "w": 1.75
        },
        "4,13\n\n\n2,1",
        "4,14\n\n\n2,1"
      ],
      [
        {
          "w": 1.25
        },
        "5,0\n\n\n0,0",
        {
          "w": 1.25
        },
        "5,1\n\n\n0,0",
        {
          "w": 1.25
        },
        "5,3\n\n\n0,0",
        {
          "w": 6.25
        },
        "5,6\n\n\n0,0",
        {
          "w": 1.25
        },
        "5,10\n\n\n0,0",
        {
          "w": 1.25
        },
        "5,11\n\n\n0,0",
        {
          "w": 1.25
        },
        "5,13\n\n\n0,0",
        {
          "w": 1.25
        },
        "5,14\n\n\n0,0",
        {
          "x": 0.25
        },
        "5,15",
        "5,16",
        "5,17"
      ],
      [
        {
          "y": 0.25,
          "w": 1.5
        },
        "5,0\n\n\n0,1",
        "5,1\n\n\n0,1",
        {
          "w": 1.5
        },
        "5,3\n\n\n0,1",
        {
          "w": 7
        },
        "5,6\n\n\n0,1",
        {
          "w": 1.5
        },
        "5,11\n\n\n0,1",
        "5,13\n\n\n0,1",
        {
          "w": 1.5
        },
        "5,14\n\n\n0,1"
      ]
    ]
  },
  "vial": {
    "vibl": true
  }
}